comment_score,Positive,Negative
26,0.4527027027027027,0.9290540540540541
29,0.44879898862199746,0.9266750948166877
-279,1.0,1.0
964,1.0,1.0
8484,0.0,1.0
1677,0.0,1.0
1697,0.0,1.0
-91,0.5,1.0
1806,1.0,1.0
65,0.436241610738255,0.9194630872483222
2173,1.0,0.0
541,0.0,0.6666666666666666
191,0.55,0.9
418,0.3333333333333333,1.0
558,0.0,1.0
1258,0.0,1.0
3800,0.0,1.0
1127,0.0,1.0
938,1.0,1.0
222,0.625,0.875
-58,0.3333333333333333,0.5555555555555556
270,0.42857142857142855,0.8571428571428571
293,0.45454545454545453,1.0
-109,0.2,0.8
730,0.5,1.0
1145,0.0,1.0
278,0.21428571428571427,1.0
243,0.3333333333333333,0.8666666666666667
442,1.0,1.0
705,0.0,1.0
2371,1.0,1.0
367,0.25,0.75
720,0.0,1.0
1532,0.0,1.0
19,0.4614035087719298,0.92046783625731
54,0.47029702970297027,0.9207920792079208
1447,0.0,1.0
1217,0.0,1.0
296,0.2222222222222222,0.7777777777777778
-159,0.0,1.0
965,1.0,1.0
1782,0.0,1.0
926,1.0,0.0
0,0.4577311746169727,0.90068455938281
1077,0.0,1.0
277,0.2,1.0
287,0.42857142857142855,1.0
415,0.75,1.0
1336,0.0,1.0
348,0.5,0.75
6262,0.0,1.0
502,0.5,0.75
656,0.0,1.0
-3,0.4552069122328331,0.889949977262392
-30,0.5645161290322581,0.9354838709677419
112,0.4375,0.96875
299,0.5,1.0
113,0.30434782608695654,0.8913043478260869
155,0.6071428571428571,0.9285714285714286
167,0.5,0.8333333333333334
385,0.14285714285714285,1.0
-118,0.0,1.0
7139,0.0,1.0
-35,0.3541666666666667,0.8541666666666666
241,0.11764705882352941,1.0
237,0.4166666666666667,1.0
1740,1.0,0.0
602,1.0,1.0
347,0.0,1.0
857,1.0,1.0
22,0.4598976109215017,0.924061433447099
198,0.5555555555555556,0.8888888888888888
330,0.25,0.875
414,0.625,0.75
724,0.5,1.0
7392,0.0,1.0
2681,0.0,1.0
-141,0.0,1.0
530,0.0,1.0
1526,1.0,1.0
196,0.4090909090909091,0.8181818181818182
427,0.75,0.5
130,0.22448979591836735,0.9591836734693877
486,0.5,1.0
-60,0.6875,0.9375
1428,1.0,1.0
487,0.3333333333333333,0.6666666666666666
1157,1.0,1.0
1050,0.0,1.0
7,0.44743326488706364,0.9184804928131417
77,0.5,0.8823529411764706
-25,0.4725274725274725,0.9230769230769231
1873,0.0,1.0
677,0.0,1.0
7881,1.0,0.0
1760,0.0,1.0
-209,1.0,1.0
5099,0.0,1.0
34,0.43702290076335876,0.9255725190839694
532,0.5,0.75
184,0.34615384615384615,0.9230769230769231
858,1.0,1.0
4179,1.0,1.0
635,1.0,1.0
1529,1.0,1.0
1427,0.0,0.5
1041,0.0,1.0
-49,0.5,0.9444444444444444
463,1.0,1.0
939,0.0,1.0
830,1.0,1.0
1329,0.0,1.0
853,0.0,1.0
1471,1.0,1.0
188,0.5882352941176471,0.9411764705882353
-65,0.42857142857142855,1.0
399,0.2857142857142857,1.0
1199,1.0,1.0
1483,1.0,1.0
1445,0.0,0.0
3787,0.0,1.0
1052,0.0,1.0
228,0.5555555555555556,0.9444444444444444
126,0.39473684210526316,0.9210526315789473
1591,0.0,1.0
202,0.6666666666666666,0.9333333333333333
274,0.18181818181818182,0.9090909090909091
1768,1.0,1.0
529,1.0,1.0
2497,0.0,1.0
-7,0.44785276073619634,0.8936605316973415
262,0.7,0.9
624,0.0,1.0
6728,1.0,1.0
325,0.42857142857142855,0.8571428571428571
406,0.6,1.0
-185,0.0,1.0
-90,0.3333333333333333,1.0
734,0.0,1.0
570,1.0,0.75
691,1.0,1.0
94,0.4936708860759494,0.9493670886075949
50,0.4959016393442623,0.9057377049180327
149,0.30434782608695654,0.9130434782608695
-107,0.5,0.5
421,1.0,1.0
2477,1.0,1.0
-79,0.5,0.5
3339,0.0,1.0
6761,0.0,1.0
-13,0.4388888888888889,0.8916666666666667
264,0.375,1.0
600,0.5,1.0
638,1.0,1.0
1064,0.0,1.0
1110,1.0,1.0
876,0.0,1.0
1846,0.0,1.0
229,0.6818181818181818,0.9545454545454546
1185,0.0,1.0
650,0.0,1.0
5794,1.0,1.0
2153,0.0,1.0
1343,1.0,1.0
-116,1.0,1.0
902,1.0,1.0
110,0.47368421052631576,0.8947368421052632
275,0.2222222222222222,1.0
343,0.0,1.0
190,0.5,0.875
439,0.5,0.8333333333333334
629,1.0,1.0
737,1.0,1.0
57,0.44623655913978494,0.9247311827956989
-26,0.4945054945054945,0.9340659340659341
136,0.5172413793103449,0.896551724137931
513,0.6666666666666666,0.6666666666666666
828,0.0,1.0
417,0.3333333333333333,1.0
144,0.5,1.0
-172,1.0,1.0
-61,0.3888888888888889,0.9444444444444444
1911,1.0,1.0
388,0.0,1.0
-233,1.0,1.0
412,0.0,1.0
963,0.5,1.0
1025,0.0,1.0
1256,0.0,1.0
32,0.41496598639455784,0.9183673469387755
43,0.42628205128205127,0.8974358974358975
420,0.3333333333333333,1.0
-41,0.5263157894736842,0.8947368421052632
555,0.5,0.5
696,0.5,1.0
2223,0.0,1.0
1128,0.0,1.0
752,0.0,1.0
1108,0.0,1.0
84,0.36904761904761907,0.9047619047619048
378,0.25,1.0
2821,1.0,1.0
2012,0.0,1.0
212,0.25,0.875
970,0.0,1.0
779,0.0,1.0
-154,0.0,1.0
3067,1.0,1.0
31,0.4611801242236025,0.9177018633540373
1361,1.0,0.0
1811,1.0,1.0
3408,0.0,1.0
376,0.75,0.5
662,0.0,1.0
5797,0.0,1.0
119,0.52,0.92
395,1.0,1.0
-111,0.5,0.5
768,0.5,1.0
974,0.0,1.0
3099,0.0,1.0
326,0.5,1.0
450,0.25,1.0
595,1.0,1.0
386,0.5555555555555556,0.7777777777777778
596,0.5,1.0
1513,0.0,1.0
39,0.4322429906542056,0.9299065420560748
98,0.48333333333333334,0.85
187,0.15,1.0
-50,0.625,0.8125
561,1.0,1.0
1297,0.0,1.0
1918,0.0,1.0
845,1.0,1.0
4758,0.0,1.0
496,0.5,1.0
232,0.4666666666666667,0.8
201,0.375,1.0
1252,0.0,1.0
402,0.0,1.0
5757,0.0,1.0
2862,0.5,1.0
1945,0.0,1.0
773,0.0,1.0
966,0.0,1.0
203,0.3333333333333333,0.9523809523809523
700,0.25,1.0
145,0.4864864864864865,0.9459459459459459
116,0.4482758620689655,0.896551724137931
488,0.6,0.8
25,0.45708376421923474,0.9307135470527405
880,0.5,0.5
-98,0.5,0.5
1472,1.0,1.0
1099,0.0,1.0
1805,0.0,1.0
1021,0.0,1.0
1731,0.0,1.0
157,0.3225806451612903,0.9032258064516129
2261,0.0,1.0
-15,0.4564459930313589,0.8780487804878049
124,0.5111111111111111,0.9333333333333333
363,0.75,1.0
181,0.42105263157894735,0.9473684210526315
843,0.5,1.0
586,0.3333333333333333,1.0
-101,0.5,1.0
1592,1.0,1.0
1323,0.5,1.0
5706,0.0,1.0
1149,0.0,1.0
7070,0.0,1.0
-88,0.5,1.0
2373,1.0,1.0
852,0.0,1.0
1785,0.0,1.0
-112,1.0,1.0
227,0.2222222222222222,1.0
95,0.42857142857142855,0.9642857142857143
925,0.0,1.0
699,0.6,1.0
-71,0.45454545454545453,0.9090909090909091
268,0.45454545454545453,0.9090909090909091
-149,1.0,0.0
562,0.5,1.0
1833,0.0,1.0
369,0.5,1.0
455,0.4,0.8
912,0.0,1.0
413,0.3333333333333333,1.0
760,0.0,0.5
5441,1.0,1.0
1395,0.0,1.0
915,0.0,1.0
71,0.48854961832061067,0.916030534351145
143,0.3902439024390244,0.9512195121951219
370,0.5555555555555556,1.0
1960,0.5,1.0
642,1.0,1.0
704,0.3333333333333333,0.6666666666666666
703,1.0,1.0
790,0.6666666666666666,1.0
3884,1.0,1.0
161,0.3333333333333333,0.8333333333333334
-45,0.41935483870967744,0.8709677419354839
193,0.38461538461538464,0.8461538461538461
1934,0.0,1.0
365,0.5,0.5
443,0.42857142857142855,1.0
6,0.4520761529624159,0.9209748892171344
68,0.4732824427480916,0.9312977099236641
1012,1.0,1.0
342,0.5555555555555556,1.0
466,0.5,1.0
713,1.0,1.0
1520,0.5,1.0
87,0.4883720930232558,0.8953488372093024
72,0.4112903225806452,0.9516129032258065
215,0.35,0.9
58,0.39344262295081966,0.9180327868852459
883,1.0,1.0
258,0.4444444444444444,0.8888888888888888
255,0.5714285714285714,0.7142857142857143
-133,1.0,0.0
320,0.3333333333333333,1.0
665,0.3333333333333333,1.0
-119,1.0,1.0
854,0.0,1.0
107,0.34545454545454546,0.8545454545454545
271,0.46153846153846156,0.9230769230769231
266,0.4,1.0
221,0.3333333333333333,0.8666666666666667
1124,0.0,0.5
997,0.0,1.0
1150,1.0,1.0
9,0.43612060926328877,0.921510724277277
407,0.14285714285714285,0.8571428571428571
316,0.45454545454545453,0.9090909090909091
3174,0.0,1.0
1476,1.0,1.0
-96,1.0,0.3333333333333333
744,1.0,1.0
920,1.0,0.0
554,0.5,1.0
789,0.0,1.0
4053,0.0,1.0
27,0.44882860665844637,0.9260172626387176
63,0.43125,0.9375
-24,0.42857142857142855,0.8968253968253969
796,0.5,0.5
158,0.3870967741935484,0.9354838709677419
397,0.5,1.0
447,0.5,0.75
2255,0.5,1.0
856,0.5,1.0
2760,0.5,0.5
389,1.0,1.0
959,0.0,1.0
754,0.0,1.0
56,0.44549763033175355,0.919431279620853
51,0.5170940170940171,0.8931623931623932
1267,1.0,1.0
178,0.23076923076923078,0.8846153846153846
353,0.5,0.8333333333333334
1698,0.0,1.0
2444,1.0,1.0
702,1.0,1.0
9725,0.0,1.0
239,0.5555555555555556,1.0
234,0.4666666666666667,1.0
-198,1.0,1.0
610,1.0,0.75
341,0.6,1.0
891,0.0,1.0
-136,0.0,1.0
150,0.4375,0.90625
279,0.4666666666666667,1.0
574,1.0,1.0
1426,1.0,1.0
146,0.64,0.92
52,0.4675324675324675,0.9090909090909091
346,0.5,1.0
546,0.6666666666666666,0.6666666666666666
608,1.0,1.0
2714,0.5,1.0
1307,1.0,1.0
2415,0.0,1.0
-47,0.3684210526315789,0.9473684210526315
446,0.5714285714285714,0.8571428571428571
459,0.3333333333333333,1.0
3809,0.0,1.0
-77,0.25,1.0
577,0.3333333333333333,0.6666666666666666
3216,1.0,1.0
861,1.0,1.0
585,0.0,1.0
1103,0.0,1.0
1236,0.0,1.0
174,0.5714285714285714,0.9047619047619048
825,0.0,0.0
712,1.0,1.0
2419,0.0,0.0
17,0.4450363196125908,0.9220338983050848
79,0.45454545454545453,0.9752066115702479
170,0.38095238095238093,0.9523809523809523
209,0.125,1.0
-86,0.4,0.6
1346,0.0,0.0
-82,0.8333333333333334,1.0
236,0.5,1.0
253,0.5454545454545454,1.0
-36,0.6046511627906976,0.8372093023255814
103,0.45161290322580644,0.9354838709677419
675,0.0,1.0
738,0.0,1.0
-16,0.4785992217898833,0.8988326848249028
276,0.4,1.0
509,1.0,1.0
592,0.0,1.0
246,0.6,0.9
139,0.5121951219512195,0.8780487804878049
-55,0.3333333333333333,1.0
1781,0.0,1.0
1770,1.0,1.0
1190,1.0,1.0
430,0.5,0.75
242,0.25,1.0
817,0.5,1.0
1230,0.0,1.0
226,0.4,0.8
453,0.6,1.0
726,0.5,1.0
41,0.4408866995073892,0.9408866995073891
1085,1.0,1.0
499,0.0,1.0
1114,1.0,1.0
1473,1.0,1.0
33,0.4097087378640777,0.912621359223301
28,0.4423305588585018,0.9357907253269917
88,0.4880952380952381,0.8928571428571429
248,0.3888888888888889,0.9444444444444444
257,0.6,1.0
519,0.6666666666666666,0.6666666666666666
384,0.4,1.0
405,0.2,1.0
208,0.8,0.9
-164,1.0,1.0
1595,1.0,1.0
1673,1.0,0.0
671,1.0,1.0
138,0.47619047619047616,0.9047619047619048
207,0.5333333333333333,0.9333333333333333
498,0.5,1.0
511,0.3333333333333333,1.0
1358,1.0,0.0
637,0.0,1.0
833,1.0,1.0
649,0.5,1.0
-115,1.0,1.0
865,0.3333333333333333,1.0
462,0.3333333333333333,1.0
307,0.6,1.0
304,0.42857142857142855,1.0
235,0.375,1.0
769,0.5,1.0
-18,0.4519230769230769,0.8942307692307693
114,0.23529411764705882,0.9215686274509803
742,0.5,0.5
714,0.6666666666666666,1.0
928,0.0,1.0
646,0.0,1.0
678,0.0,1.0
434,1.0,1.0
1963,1.0,1.0
599,0.5,1.0
-123,0.0,1.0
5,0.44211949523564253,0.9172031934071594
-217,0.0,1.0
1083,0.0,1.0
1,0.5061435672489859,0.9245158394797233
319,0.16666666666666666,1.0
539,1.0,1.0
1071,0.0,0.0
404,0.5,1.0
2079,0.0,1.0
901,1.0,1.0
-110,0.0,1.0
-19,0.41899441340782123,0.8547486033519553
115,0.43243243243243246,0.9459459459459459
153,0.64,0.96
1074,0.0,1.0
718,0.0,1.0
1953,0.0,1.0
1562,0.0,1.0
2437,0.0,1.0
-27,0.5151515151515151,0.8888888888888888
96,0.4605263157894737,0.9473684210526315
2492,0.0,1.0
929,0.0,1.0
377,1.0,1.0
250,0.2857142857142857,0.9285714285714286
1367,0.0,1.0
-147,0.0,1.0
1609,0.0,1.0
-2,0.4563640910227557,0.9009752438109527
1126,0.0,1.0
1560,0.0,1.0
849,1.0,1.0
1279,0.0,1.0
328,0.6666666666666666,0.6666666666666666
890,0.6666666666666666,1.0
1130,0.0,1.0
185,0.3684210526315789,0.9473684210526315
375,0.0,1.0
349,0.25,0.75
1054,1.0,0.0
632,1.0,1.0
104,0.3684210526315789,0.9122807017543859
219,0.5333333333333333,0.8
1151,0.0,1.0
368,0.0,1.0
623,0.6666666666666666,1.0
2296,0.0,1.0
515,1.0,1.0
1894,0.0,1.0
944,0.5,1.0
214,0.14285714285714285,1.0
449,0.0,1.0
719,0.0,1.0
538,0.0,1.0
2921,1.0,1.0
461,0.6666666666666666,1.0
2231,0.0,1.0
-182,1.0,1.0
419,0.25,1.0
593,0.75,1.0
556,0.0,1.0
2707,1.0,1.0
252,0.2222222222222222,1.0
816,0.0,1.0
10,0.4530407290310582,0.9198437790589548
120,0.4,0.95
748,1.0,1.0
485,0.25,1.0
945,0.0,1.0
423,0.5,0.75
1037,0.0,1.0
500,0.6666666666666666,1.0
806,0.0,1.0
836,1.0,1.0
-97,0.6666666666666666,1.0
5857,0.0,1.0
89,0.4,0.9
-131,0.0,1.0
521,0.5,1.0
550,0.75,1.0
4262,0.0,1.0
2830,0.0,1.0
2435,1.0,1.0
644,0.3333333333333333,1.0
1498,1.0,0.0
3049,0.0,1.0
361,0.0,1.0
537,1.0,1.0
364,0.6666666666666666,1.0
1779,0.0,1.0
501,0.5,1.0
452,1.0,0.0
1517,0.0,1.0
356,0.4,0.8
403,0.625,1.0
1543,1.0,1.0
1381,1.0,1.0
490,0.0,1.0
975,1.0,1.0
197,0.46153846153846156,1.0
128,0.375,0.95
464,0.6666666666666666,1.0
497,0.5,1.0
697,1.0,1.0
838,0.0,1.0
1239,0.0,1.0
-218,1.0,1.0
106,0.5576923076923077,0.8653846153846154
111,0.5076923076923077,0.8615384615384616
85,0.34523809523809523,0.8928571428571429
735,0.6666666666666666,1.0
332,0.6666666666666666,1.0
815,0.6666666666666666,0.6666666666666666
575,0.0,1.0
1556,0.0,1.0
867,1.0,1.0
-28,0.4583333333333333,0.8541666666666666
903,0.5,1.0
301,0.42857142857142855,1.0
-84,1.0,1.0
548,1.0,1.0
-124,0.0,0.0
3735,1.0,1.0
411,0.3333333333333333,1.0
177,0.3333333333333333,0.9166666666666666
1231,1.0,1.0
1435,0.0,1.0
-17,0.4791666666666667,0.8958333333333334
-81,0.2,1.0
797,0.0,1.0
460,0.0,1.0
179,0.4230769230769231,1.0
306,0.5,1.0
-46,0.42857142857142855,0.8928571428571429
2017,0.0,1.0
563,0.6666666666666666,0.6666666666666666
557,0.75,1.0
448,0.0,1.0
1023,0.0,1.0
-160,0.0,1.0
659,0.0,1.0
441,0.0,1.0
67,0.48175182481751827,0.948905109489051
48,0.4349442379182156,0.9442379182156134
224,0.42857142857142855,0.9285714285714286
517,0.0,1.0
755,0.5,1.0
2256,0.0,1.0
953,0.5,1.0
168,0.36363636363636365,0.8636363636363636
324,0.4444444444444444,0.8888888888888888
142,0.3235294117647059,0.9411764705882353
927,0.5,1.0
761,0.5,1.0
481,0.3333333333333333,0.6666666666666666
254,0.3333333333333333,1.0
1295,1.0,1.0
100,0.35714285714285715,0.9107142857142857
247,0.25,0.9375
2503,1.0,0.0
992,0.0,1.0
105,0.4426229508196721,0.9344262295081968
131,0.3225806451612903,0.9354838709677419
1970,0.0,1.0
1172,0.5,1.0
1013,0.5,1.0
581,0.0,0.75
4089,0.0,1.0
318,0.375,1.0
294,0.3333333333333333,0.8888888888888888
451,0.0,1.0
1406,1.0,1.0
-357,0.0,1.0
800,0.5,1.0
993,0.0,1.0
3290,0.0,1.0
654,0.5,0.5
1765,0.0,1.0
3237,0.0,1.0
108,0.34,0.98
333,0.3333333333333333,0.8888888888888888
218,0.4444444444444444,1.0
339,0.0,1.0
934,0.5,1.0
44,0.4166666666666667,0.9320987654320988
392,0.0,1.0
309,0.5,1.0
132,0.4,0.9333333333333333
540,1.0,0.0
471,1.0,1.0
804,0.3333333333333333,1.0
1488,0.5,1.0
1332,0.0,1.0
127,0.4090909090909091,0.9090909090909091
123,0.5925925925925926,0.8888888888888888
683,0.3333333333333333,1.0
746,0.6666666666666666,1.0
345,0.375,1.0
641,0.0,1.0
-103,0.5,1.0
951,0.25,1.0
552,0.3333333333333333,1.0
3229,1.0,1.0
1561,1.0,1.0
1815,1.0,1.0
2642,1.0,1.0
210,0.5,0.9090909090909091
2674,0.0,1.0
590,1.0,1.0
205,0.625,0.9375
-38,0.3902439024390244,0.9512195121951219
1998,0.0,1.0
994,0.0,1.0
731,0.0,1.0
559,0.6666666666666666,1.0
323,0.45454545454545453,0.8181818181818182
1688,0.0,1.0
225,0.42857142857142855,1.0
352,0.5,1.0
2199,1.0,1.0
1866,0.0,1.0
-6,0.4653846153846154,0.9
249,0.6470588235294118,0.9411764705882353
220,0.6363636363636364,1.0
383,0.0,1.0
822,0.6666666666666666,1.0
5560,0.0,1.0
-122,1.0,1.0
381,0.6666666666666666,1.0
1155,1.0,1.0
12746,1.0,1.0
688,1.0,1.0
61,0.43790849673202614,0.9281045751633987
303,0.4,0.9
-57,0.6875,1.0
940,1.0,1.0
-48,0.47368421052631576,0.9473684210526315
995,0.0,1.0
379,0.0,1.0
988,0.0,1.0
-114,0.0,1.0
777,0.0,1.0
535,0.6666666666666666,1.0
567,0.6666666666666666,1.0
580,0.0,1.0
2877,1.0,1.0
-39,0.5833333333333334,0.8055555555555556
192,0.35294117647058826,1.0
213,0.3684210526315789,1.0
454,0.5,0.75
1192,1.0,1.0
440,1.0,1.0
473,1.0,1.0
653,1.0,1.0
337,0.2,1.0
573,0.0,1.0
6240,1.0,1.0
156,0.3870967741935484,1.0
1107,1.0,0.0
1146,1.0,1.0
1122,0.0,1.0
841,0.3333333333333333,1.0
1524,0.0,1.0
1691,0.0,1.0
-68,0.7777777777777778,1.0
429,0.6666666666666666,1.0
846,0.0,1.0
587,0.5,1.0
160,0.4375,0.96875
283,0.4,1.0
715,0.5,1.0
957,0.0,1.0
3,0.4555144596208172,0.9179019716340974
1451,0.0,1.0
863,0.5,1.0
1662,1.0,1.0
576,0.0,1.0
435,1.0,1.0
982,0.0,1.0
979,0.0,1.0
206,0.42857142857142855,1.0
482,0.3333333333333333,1.0
382,0.6,1.0
478,0.25,1.0
3546,0.0,1.0
6468,0.0,1.0
618,0.0,1.0
37,0.41612200435729846,0.9281045751633987
292,0.3333333333333333,0.8333333333333334
101,0.5,0.84375
431,0.6666666666666666,1.0
2359,1.0,1.0
776,1.0,1.0
-8,0.48484848484848486,0.8872727272727273
-14,0.4394904458598726,0.9235668789808917
83,0.49504950495049505,0.9702970297029703
3855,0.0,1.0
-106,0.0,0.0
1430,0.0,1.0
2323,1.0,1.0
1265,0.5,1.0
1580,0.0,1.0
362,0.0,1.0
2351,0.0,1.0
-63,0.6363636363636364,0.9090909090909091
2120,1.0,1.0
-73,0.4,1.0
-44,0.5416666666666666,0.8333333333333334
491,0.75,1.0
905,0.3333333333333333,0.6666666666666666
919,0.5,1.0
12,0.44825779407911975,0.9135446685878963
-33,0.4,0.8363636363636363
355,0.75,0.75
295,0.8571428571428571,0.7142857142857143
200,0.8571428571428571,1.0
655,1.0,1.0
952,0.6666666666666666,0.6666666666666666
1466,0.0,1.0
141,0.41379310344827586,0.9310344827586207
543,0.5,1.0
288,0.7142857142857143,1.0
942,0.0,1.0
855,0.5,1.0
2654,0.0,1.0
55,0.40350877192982454,0.9035087719298246
373,0.4,1.0
544,1.0,1.0
614,0.5,1.0
2328,1.0,1.0
74,0.48695652173913045,0.9130434782608695
322,0.1111111111111111,1.0
280,0.6666666666666666,0.8333333333333334
872,1.0,1.0
-72,0.625,1.0
492,0.5,1.0
390,0.5,1.0
893,0.0,1.0
8,0.4451873344266431,0.9137126277280182
62,0.3785310734463277,0.9322033898305084
182,0.5789473684210527,0.9473684210526315
334,0.8,1.0
1585,0.0,1.0
668,1.0,1.0
1245,0.5,1.0
658,1.0,1.0
1355,1.0,1.0
2143,0.0,1.0
2539,0.0,1.0
2682,1.0,1.0
186,0.5454545454545454,0.8181818181818182
910,0.5,1.0
-187,0.5,1.0
8668,1.0,1.0
1398,0.0,1.0
-70,0.3333333333333333,1.0
1655,0.0,0.5
331,0.16666666666666666,1.0
710,0.0,1.0
1166,0.5,1.0
-37,0.5208333333333334,0.7916666666666666
2054,1.0,1.0
747,1.0,1.0
171,0.4090909090909091,0.9545454545454546
1510,0.0,1.0
631,0.5,1.0
2304,0.0,1.0
480,0.0,1.0
11,0.46455306032584764,0.9255834434169969
49,0.43373493975903615,0.9317269076305221
437,0.2,1.0
290,0.5,1.0
514,0.3333333333333333,1.0
716,0.0,1.0
803,0.3333333333333333,0.3333333333333333
775,0.5,1.0
35,0.455078125,0.92578125
639,0.6666666666666666,0.6666666666666666
5338,1.0,1.0
1125,0.0,1.0
560,0.5,1.0
3014,0.0,1.0
-54,0.4666666666666667,0.8
371,0.6666666666666666,1.0
507,0.3333333333333333,1.0
1393,1.0,1.0
1339,0.0,1.0
-12,0.4460431654676259,0.894484412470024
753,0.5,1.0
166,0.30434782608695654,0.9130434782608695
260,0.3,0.9
801,0.0,1.0
2129,1.0,0.0
2089,0.0,1.0
1018,0.0,1.0
740,0.0,1.0
6884,0.0,1.0
80,0.45454545454545453,0.9393939393939394
9237,0.0,1.0
778,0.0,1.0
-105,1.0,1.0
1448,0.0,1.0
-4,0.44278350515463916,0.9030927835051547
327,0.5714285714285714,1.0
-87,0.16666666666666666,0.8333333333333334
380,1.0,1.0
400,1.0,1.0
750,0.3333333333333333,0.6666666666666666
321,0.375,0.75
829,0.0,1.0
1171,0.0,1.0
199,0.5263157894736842,0.9473684210526315
2344,0.0,1.0
477,0.0,1.0
-144,0.0,1.0
2442,1.0,1.0
2698,1.0,1.0
2,0.4595261420122637,0.9164580385327092
465,0.5,1.0
269,0.13333333333333333,0.9333333333333333
5750,0.0,1.0
518,1.0,1.0
2513,1.0,1.0
-10,0.4378585086042065,0.8795411089866156
66,0.3706293706293706,0.9230769230769231
-53,0.5294117647058824,0.8235294117647058
154,0.45161290322580644,0.967741935483871
432,0.0,1.0
265,0.5555555555555556,0.8888888888888888
-137,1.0,1.0
1063,0.0,1.0
508,0.3333333333333333,1.0
6161,0.0,1.0
520,0.5,1.0
344,0.75,0.75
162,0.3333333333333333,0.9166666666666666
1752,0.0,1.0
11551,1.0,1.0
967,0.0,1.0
244,0.5555555555555556,0.8888888888888888
-78,0.8,1.0
1699,0.5,1.0
954,1.0,1.0
869,0.5,1.0
4688,0.0,1.0
615,0.5,1.0
1198,1.0,1.0
689,0.0,1.0
1234,0.0,1.0
553,0.3333333333333333,1.0
428,0.0,0.0
525,0.0,1.0
433,0.6,0.8
2752,0.0,1.0
164,0.4482758620689655,0.9310344827586207
-34,0.42857142857142855,0.9107142857142857
711,1.0,0.6666666666666666
-117,0.0,1.0
931,1.0,1.0
1076,1.0,1.0
821,0.0,1.0
605,1.0,1.0
3504,1.0,1.0
503,0.0,1.0
495,0.0,1.0
176,0.34782608695652173,1.0
360,0.7142857142857143,0.8571428571428571
3499,0.0,1.0
1194,0.0,1.0
134,0.5714285714285714,0.9387755102040817
971,0.0,1.0
329,0.6,1.0
-62,0.3,0.6
245,0.5555555555555556,1.0
732,0.5,1.0
536,0.6666666666666666,1.0
3363,0.0,1.0
504,0.2,0.8
1590,1.0,1.0
-75,0.5,0.6666666666666666
1097,1.0,1.0
1635,1.0,1.0
2039,1.0,1.0
1315,1.0,1.0
2601,0.0,1.0
359,0.6666666666666666,1.0
422,0.0,1.0
2155,0.0,1.0
6720,0.0,1.0
175,0.45,0.85
76,0.504424778761062,0.9026548672566371
102,0.45901639344262296,0.8852459016393442
426,0.5,1.0
-40,0.21428571428571427,0.8571428571428571
4392,0.0,1.0
606,0.0,1.0
565,1.0,1.0
-102,0.0,1.0
914,0.0,1.0
991,0.0,1.0
233,0.46153846153846156,1.0
3509,1.0,1.0
1823,0.0,1.0
506,1.0,1.0
745,0.5,0.5
827,0.0,1.0
684,1.0,0.0
1203,0.0,1.0
729,0.0,0.0
5479,0.0,1.0
4,0.4515179968701096,0.9176212832550861
92,0.4533333333333333,0.8933333333333333
163,0.43478260869565216,0.9130434782608695
230,0.2631578947368421,0.8421052631578947
391,0.42857142857142855,1.0
549,0.0,1.0
727,0.3333333333333333,1.0
1188,1.0,1.0
842,0.0,1.0
930,1.0,1.0
899,0.5,1.0
1095,1.0,1.0
308,0.625,0.875
-148,0.5,1.0
1847,1.0,1.0
604,0.3333333333333333,1.0
3816,1.0,1.0
524,0.6666666666666666,0.6666666666666666
-128,0.0,1.0
118,0.46,0.94
2739,0.0,1.0
805,0.5,1.0
1863,0.0,1.0
8300,0.0,1.0
1078,0.0,1.0
13,0.43964275424949584,0.9262460386055892
1160,0.75,1.0
687,0.5,1.0
272,0.7,1.0
765,0.5,1.0
1638,1.0,0.0
305,0.16666666666666666,1.0
652,1.0,1.0
1272,1.0,1.0
14661,0.0,0.0
36,0.43283582089552236,0.9253731343283582
75,0.5151515151515151,0.898989898989899
302,0.42857142857142855,1.0
-282,0.0,1.0
722,0.0,1.0
603,0.0,1.0
9843,1.0,1.0
984,1.0,1.0
2750,0.0,1.0
-23,0.4824561403508772,0.8771929824561403
172,0.391304347826087,0.9130434782608695
3202,1.0,1.0
2237,1.0,0.0
1053,0.0,1.0
613,0.3333333333333333,1.0
-171,0.0,1.0
78,0.46153846153846156,0.9230769230769231
1173,1.0,1.0
408,0.2,0.8
314,0.5555555555555556,0.8888888888888888
1462,1.0,1.0
1275,0.0,1.0
-83,0.25,0.75
579,0.5,1.0
780,0.5,0.5
-32,0.4827586206896552,0.896551724137931
1020,1.0,1.0
672,0.0,1.0
18,0.461453133666112,0.9107043815862451
140,0.41379310344827586,0.9655172413793104
125,0.4418604651162791,0.9069767441860465
410,0.16666666666666666,1.0
1015,0.0,1.0
1995,0.0,1.0
679,1.0,1.0
298,0.8571428571428571,0.7142857142857143
533,0.5,1.0
1416,1.0,1.0
983,0.3333333333333333,1.0
289,0.3333333333333333,0.8888888888888888
-186,0.0,1.0
1601,0.5,1.0
1290,0.0,1.0
2409,0.0,1.0
1129,1.0,1.0
1156,0.0,1.0
-214,1.0,1.0
607,0.0,1.0
-59,0.38461538461538464,0.9230769230769231
-51,0.47058823529411764,0.8823529411764706
1070,0.0,1.0
2023,1.0,1.0
1036,1.0,1.0
69,0.448,0.896
475,0.6666666666666666,1.0
1148,0.0,1.0
913,0.0,1.0
14,0.4382614422127099,0.9259137306552518
374,0.4,1.0
1162,1.0,1.0
1014,0.0,1.0
3530,0.0,1.0
3718,1.0,1.0
935,0.0,1.0
594,1.0,1.0
2217,0.0,1.0
1649,0.0,1.0
-161,0.0,1.0
733,0.0,1.0
216,0.6,1.0
2834,0.0,1.0
286,0.16666666666666666,1.0
598,0.0,1.0
767,1.0,1.0
864,1.0,1.0
1311,1.0,1.0
5399,1.0,1.0
583,0.5,1.0
2391,1.0,1.0
782,1.0,1.0
1223,0.0,1.0
505,1.0,1.0
137,0.3888888888888889,0.9166666666666666
173,0.3333333333333333,0.9047619047619048
194,0.4117647058823529,1.0
626,0.3333333333333333,1.0
601,0.3333333333333333,0.6666666666666666
-226,1.0,1.0
692,1.0,1.0
3297,1.0,1.0
1914,1.0,1.0
21,0.43403028118240805,0.9178082191780822
238,0.4666666666666667,1.0
135,0.4864864864864865,0.972972972972973
547,1.0,1.0
-130,0.5,0.5
877,0.6666666666666666,1.0
809,0.6666666666666666,1.0
1724,0.0,1.0
-85,0.6666666666666666,1.0
1226,1.0,1.0
701,0.5,1.0
2127,0.0,1.0
-120,1.0,1.0
5174,0.0,1.0
59,0.37423312883435583,0.9202453987730062
129,0.32432432432432434,0.9459459459459459
372,0.5,1.0
122,0.37142857142857144,0.9714285714285714
542,0.6,1.0
620,0.0,1.0
5398,1.0,1.0
1413,1.0,1.0
1333,1.0,1.0
335,0.5,0.8333333333333334
759,1.0,1.0
-125,0.0,1.0
1169,1.0,1.0
960,1.0,0.0
3254,0.0,1.0
651,0.0,1.0
310,0.6666666666666666,0.7777777777777778
4807,1.0,1.0
393,0.6,1.0
4078,0.0,1.0
627,0.5,1.0
313,0.2,0.9
868,0.0,1.0
985,1.0,1.0
493,1.0,1.0
-155,0.0,1.0
1030,0.0,1.0
15,0.4275755228505035,0.9221533694810224
-22,0.44375,0.85625
165,0.5,0.9411764705882353
81,0.4,0.9454545454545454
223,0.2,0.9
315,0.6,0.8
1881,1.0,1.0
878,0.0,1.0
2483,1.0,0.0
4428,1.0,1.0
195,0.38095238095238093,1.0
180,0.48,0.96
1417,0.5,0.0
648,0.75,1.0
436,0.75,1.0
438,1.0,1.0
82,0.39080459770114945,0.9310344827586207
38,0.4009111617312073,0.9430523917995444
523,0.0,1.0
472,0.6,1.0
350,0.25,0.75
695,0.5,1.0
1871,1.0,1.0
-211,0.0,1.0
609,0.0,1.0
1780,0.0,1.0
351,0.16666666666666666,1.0
97,0.46296296296296297,0.9629629629629629
-69,0.46153846153846156,0.7692307692307693
133,0.3333333333333333,0.9487179487179487
2167,1.0,1.0
470,0.3333333333333333,1.0
723,0.0,1.0
30,0.4679144385026738,0.9331550802139037
42,0.38858695652173914,0.9130434782608695
151,0.34285714285714286,0.9714285714285714
73,0.3867924528301887,0.8773584905660378
-43,0.45714285714285713,0.8571428571428571
-132,0.5,1.0
1180,1.0,1.0
1028,0.5,1.0
708,0.0,1.0
1746,0.0,1.0
401,0.8,1.0
582,0.0,1.0
1382,0.0,1.0
90,0.46153846153846156,0.9102564102564102
159,0.5517241379310345,0.896551724137931
851,0.0,1.0
457,0.5,1.0
256,0.6666666666666666,0.6666666666666666
1276,0.0,1.0
690,1.0,1.0
338,0.6,1.0
643,0.0,0.6666666666666666
4466,0.0,1.0
1193,1.0,1.0
-64,0.5,0.7
425,0.2,1.0
312,0.6666666666666666,0.8333333333333334
445,0.6,1.0
1104,1.0,1.0
685,0.0,1.0
3192,0.0,1.0
771,1.0,1.0
680,0.0,1.0
1029,1.0,1.0
297,0.3333333333333333,1.0
764,1.0,0.6666666666666666
-143,0.0,1.0
1043,1.0,1.0
1848,1.0,1.0
23,0.4299226139294927,0.9329320722269991
783,1.0,0.6666666666666666
117,0.46875,0.90625
1229,0.0,1.0
291,0.0,0.8571428571428571
121,0.3409090909090909,0.9090909090909091
1285,0.3333333333333333,1.0
4670,0.0,1.0
3583,0.0,0.0
-9,0.4871099050203528,0.898236092265943
46,0.4948805460750853,0.9249146757679181
-42,0.4444444444444444,0.9629629629629629
3906,0.0,1.0
-56,0.3076923076923077,0.9230769230769231
358,0.6666666666666666,1.0
217,0.45,0.95
284,0.375,1.0
409,1.0,0.0
494,0.3333333333333333,1.0
1008,0.0,1.0
20,0.4556324732536186,0.9169288860918817
70,0.45185185185185184,0.9333333333333333
-74,0.7142857142857143,0.5714285714285714
479,0.5,1.0
848,1.0,1.0
1459,0.0,1.0
300,0.75,0.75
781,1.0,1.0
-92,0.6666666666666666,1.0
7649,0.0,1.0
1133,0.0,1.0
616,0.0,1.0
99,0.4426229508196721,0.9508196721311475
-11,0.4786150712830957,0.8859470468431772
444,0.8,1.0
617,0.0,1.0
1181,1.0,1.0
510,0.6666666666666666,1.0
676,1.0,0.0
1792,1.0,1.0
1989,0.0,1.0
387,0.2,1.0
231,0.4166666666666667,0.9166666666666666
4843,1.0,1.0
1916,0.0,1.0
-93,0.0,0.5
885,0.0,1.0
2652,1.0,1.0
640,0.8,0.8
109,0.4074074074074074,0.9629629629629629
-20,0.4506172839506173,0.9259259259259259
354,0.6666666666666666,1.0
86,0.3684210526315789,0.8947368421052632
483,0.5,1.0
-89,0.0,1.0
476,0.5,1.0
660,0.0,1.0
1450,0.0,1.0
-134,1.0,1.0
1006,1.0,1.0
770,1.0,1.0
2892,0.0,1.0
-113,0.0,1.0
2814,0.0,0.0
60,0.4069767441860465,0.9127906976744186
1391,0.25,1.0
1270,1.0,1.0
189,0.375,1.0
-167,1.0,0.0
1390,1.0,1.0
2609,0.0,1.0
11252,0.0,1.0
545,1.0,0.0
-21,0.43356643356643354,0.8601398601398601
1249,0.0,1.0
578,0.3333333333333333,1.0
-99,0.5,1.0
311,0.25,0.875
1351,0.0,1.0
798,1.0,1.0
534,0.5,1.0
-201,0.0,1.0
1195,1.0,1.0
4205,1.0,1.0
93,0.5128205128205128,0.9743589743589743
-31,0.44155844155844154,0.922077922077922
633,0.5,1.0
721,0.3333333333333333,1.0
566,0.6666666666666666,0.6666666666666666
1581,0.0,1.0
1111,0.0,1.0
569,0.0,1.0
40,0.45897435897435895,0.9256410256410257
204,0.47619047619047616,0.9523809523809523
259,0.3,0.8
366,0.25,1.0
707,0.0,1.0
251,0.5454545454545454,1.0
-94,0.0,1.0
9382,1.0,1.0
1477,0.0,1.0
285,0.35714285714285715,1.0
282,0.5,1.0
647,1.0,1.0
1539,0.0,1.0
4481,0.0,1.0
147,0.34285714285714286,0.9714285714285714
-138,0.3333333333333333,1.0
1139,0.5,1.0
887,0.0,1.0
527,0.6666666666666666,1.0
183,0.5294117647058824,1.0
571,0.0,1.0
1032,1.0,1.0
3597,1.0,1.0
1142,1.0,0.0
728,0.0,1.0
263,0.6666666666666666,1.0
8591,0.0,1.0
240,0.6,1.0
396,0.75,1.0
1860,0.0,1.0
1057,0.0,1.0
16,0.4335817623849189,0.9245944761069707
64,0.4868421052631579,0.9539473684210527
-66,0.5,0.7
2327,0.0,1.0
1022,0.0,1.0
-191,0.0,1.0
281,0.4444444444444444,1.0
-29,0.4794520547945205,0.9452054794520548
336,0.4,1.0
612,0.5,1.0
1039,1.0,1.0
91,0.5,0.8695652173913043
152,0.4,0.9
317,0.4444444444444444,0.8888888888888888
788,0.0,1.0
-100,0.375,1.0
357,0.5,1.0
835,0.0,1.0
267,0.4,1.0
584,1.0,0.5
667,1.0,1.0
-1,0.45822613405551793,0.8950575490859851
398,0.8,0.8
261,0.2222222222222222,1.0
956,0.0,1.0
1067,1.0,1.0
808,1.0,1.0
1061,0.0,1.0
-67,0.4,0.9
-76,0.75,1.0
489,0.0,1.0
-80,0.5,1.0
625,1.0,1.0
45,0.45592705167173253,0.9270516717325228
53,0.508130081300813,0.9105691056910569
148,0.46875,0.9375
47,0.4542124542124542,0.9157509157509157
531,0.25,1.0
484,0.3333333333333333,0.8333333333333334
972,1.0,0.0
669,0.75,0.75
394,0.42857142857142855,1.0
572,0.5,1.0
3798,0.0,1.0
3473,0.0,1.0
2236,1.0,1.0
169,0.45454545454545453,0.9393939393939394
1384,0.0,1.0
-5,0.447935921133703,0.9038817005545287
273,0.2857142857142857,0.8571428571428571
2542,1.0,1.0
758,0.5,1.0
1105,0.0,1.0
24,0.44188280499519694,0.9337175792507204
4822,0.0,1.0
458,0.5,0.75
340,0.3333333333333333,1.0
-139,0.0,0.0
456,0.4,1.0
526,1.0,1.0
8024,1.0,1.0
211,0.3888888888888889,0.9444444444444444
469,0.16666666666666666,1.0
-52,0.4444444444444444,0.8888888888888888
1587,1.0,0.0
